{"RuleTriggered": 8, "Violations": 8, "Details": {"algo-1": {"cpu": {"p25": 35.35125, "p50": 47.96, "p75": 50.52875, "p95": 60.97806249999999, "upper": 73.295, "lower": 12.584999999999997}, "gpu0": {"p25": 0.0, "p50": 0.0, "p75": 0.0, "p95": 0.0, "upper": 0.0, "lower": 0.0}, "gpu0_memory": {"p25": 0.0, "p50": 0.0, "p75": 0.0, "p95": 0.0, "upper": 0.0, "lower": 0.0}}, "last_timestamp": 1641998220000000}, "Datapoints": 1930, "RuleParameters": "cpu_threshold_p95:70\ngpu_threshold_p95:70\ngpu_memory_threshold_p95:70\npatience:1000\nwindow:500"}