{"RuleTriggered": 0, "Violations": 0, "Details": {"ratio": {"cpu_functions": 100.0}, "phase": {"Step:ModeKeys.TRAIN": 78.93563371339239, "others": 7.322930054617542, "Step:ModeKeys.EVAL": 13.74143623199006}, "phase_time": {}, "CPU": {"aten::conv2d": 19.324883629578313, "aten::convolution": 19.319924570143286, "aten::_convolution": 19.314070811861868, "aten::mkldnn_convolution": 19.301783314639824, "aten::batch_norm": 6.213962238583272, "aten::_batch_norm_impl_index": 6.205680654286522, "aten::native_batch_norm": 6.198320744680778, "enumerate(DataLoader)#_SingleProcessDataLoaderIter.__next__": 4.121374036226132}, "CPU_total": {"aten::conv2d": 4298264, "aten::convolution": 4297161, "aten::_convolution": 4295859, "aten::mkldnn_convolution": 4293126, "aten::batch_norm": 1382117, "aten::_batch_norm_impl_index": 1380275, "aten::native_batch_norm": 1378638, "enumerate(DataLoader)#_SingleProcessDataLoaderIter.__next__": 916681}, "general": {"DataLoaderIterInitialize": 0.0006812090505388396, "DataLoaderIter": 0.15708861869879018, "Forward": 99.84223017225067}}, "Datapoints": 0, "RuleParameters": ""}