{"RuleTriggered": 0, "Violations": 0, "Details": {"pin_memory": false, "num_workers": 0, "cores": 8, "dataloaders": 1, "dataloading_time": {"p25": 0.5107235, "p50": 0.511592, "p95": 0.5131553, "probs": [1, 0, 0, 0, 0, 0, 0, 0, 0, 0, 0, 0, 0, 0, 0, 0, 0, 0, 0, 0, 0, 0, 0, 0, 0, 0, 0, 0, 0, 0, 0, 0, 0, 0, 0, 0, 0, 0, 0, 0, 0, 0, 0, 0, 0, 0, 0, 0, 0, 0, 0, 0, 0, 0, 0, 0, 0, 0, 0, 0, 0, 0, 0, 0, 0, 0, 0, 0, 0, 0, 0, 0, 0, 0, 0, 0, 0, 0, 0, 0, 0, 0, 0, 0, 0, 0, 0, 0, 0, 0, 0, 0, 0, 0, 0, 0, 0, 0, 0, 1], "binedges": [0.509855, 0.50988974, 0.5099244799999999, 0.5099592199999999, 0.50999396, 0.5100287, 0.5100634399999999, 0.51009818, 0.51013292, 0.5101676599999999, 0.5102024, 0.51023714, 0.51027188, 0.5103066199999999, 0.51034136, 0.5103761, 0.5104108399999999, 0.51044558, 0.51048032, 0.5105150599999999, 0.5105497999999999, 0.51058454, 0.51061928, 0.5106540199999999, 0.51068876, 0.5107235, 0.5107582399999999, 0.51079298, 0.51082772, 0.51086246, 0.5108971999999999, 0.51093194, 0.51096668, 0.5110014199999999, 0.51103616, 0.5110709, 0.51110564, 0.51114038, 0.51117512, 0.51120986, 0.5112445999999999, 0.51127934, 0.51131408, 0.51134882, 0.51138356, 0.5114183, 0.51145304, 0.51148778, 0.51152252, 0.51155726, 0.511592, 0.51162674, 0.51166148, 0.51169622, 0.51173096, 0.5117657, 0.51180044, 0.51183518, 0.51186992, 0.51190466, 0.5119394, 0.51197414, 0.51200888, 0.51204362, 0.51207836, 0.5121131, 0.51214784, 0.51218258, 0.51221732, 0.51225206, 0.5122868, 0.51232154, 0.51235628, 0.51239102, 0.5124257600000001, 0.5124605, 0.51249524, 0.51252998, 0.51256472, 0.51259946, 0.5126342, 0.5126689400000001, 0.51270368, 0.51273842, 0.5127731600000001, 0.5128079, 0.51284264, 0.51287738, 0.51291212, 0.51294686, 0.5129816, 0.5130163400000001, 0.51305108, 0.51308582, 0.5131205600000001, 0.5131553, 0.51319004, 0.51322478, 0.5132595200000001, 0.51329426, 0.513329]}}, "Datapoints": 2, "RuleParameters": "min_threshold:70\nmax_threshold:200"}