{"RuleTriggered": 0, "Violations": 220, "Details": {"low_gpu_utilization": 1931, "bottlenecks": {"1641998275.180908": {"GPUs": 1, "CPUs": 1}, "1641998277.180889": {"GPUs": 1, "CPUs": 4}, "1641998283.180882": {"GPUs": 1, "CPUs": 1}, "1641998283.680903": {"GPUs": 1, "CPUs": 1}, "1641998284.680993": {"GPUs": 1, "CPUs": 1}, "1641998285.180994": {"GPUs": 1, "CPUs": 1}, "1641998285.680884": {"GPUs": 1, "CPUs": 1}, "1641998286.180866": {"GPUs": 1, "CPUs": 1}, "1641998286.680922": {"GPUs": 1, "CPUs": 1}, "1641998287.180917": {"GPUs": 1, "CPUs": 3}, "1641998288.180878": {"GPUs": 1, "CPUs": 1}, "1641998288.680909": {"GPUs": 1, "CPUs": 2}, "1641998289.180884": {"GPUs": 1, "CPUs": 5}, "1641998289.680877": {"GPUs": 1, "CPUs": 1}, "1641998290.180898": {"GPUs": 1, "CPUs": 1}, "1641998290.680871": {"GPUs": 1, "CPUs": 1}, "1641998291.180929": {"GPUs": 1, "CPUs": 2}, "1641998291.680901": {"GPUs": 1, "CPUs": 2}, "1641998292.180864": {"GPUs": 1, "CPUs": 2}, "1641998292.680902": {"GPUs": 1, "CPUs": 1}, "1641998293.180891": {"GPUs": 1, "CPUs": 2}, "1641998293.680851": {"GPUs": 1, "CPUs": 1}, "1641998294.180884": {"GPUs": 1, "CPUs": 2}, "1641998294.680863": {"GPUs": 1, "CPUs": 2}, "1641998295.180879": {"GPUs": 1, "CPUs": 2}, "1641998295.680884": {"GPUs": 1, "CPUs": 3}, "1641998296.180878": {"GPUs": 1, "CPUs": 2}, "1641998296.680951": {"GPUs": 1, "CPUs": 4}, "1641998297.180922": {"GPUs": 1, "CPUs": 3}, "1641998297.680907": {"GPUs": 1, "CPUs": 2}, "1641998298.180876": {"GPUs": 1, "CPUs": 3}, "1641998298.680958": {"GPUs": 1, "CPUs": 2}, "1641998299.180873": {"GPUs": 1, "CPUs": 2}, "1641998301.68089": {"GPUs": 1, "CPUs": 1}, "1641998304.68086": {"GPUs": 1, "CPUs": 2}, "1641998305.180934": {"GPUs": 1, "CPUs": 4}, "1641998305.680879": {"GPUs": 1, "CPUs": 1}, "1641998306.180892": {"GPUs": 1, "CPUs": 2}, "1641998306.680885": {"GPUs": 1, "CPUs": 1}, "1641998307.182093": {"GPUs": 1, "CPUs": 1}, "1641998307.680865": {"GPUs": 1, "CPUs": 1}, "1641998309.680894": {"GPUs": 1, "CPUs": 1}, "1641998316.680873": {"GPUs": 1, "CPUs": 2}, "1641998317.180917": {"GPUs": 1, "CPUs": 2}, "1641998317.680973": {"GPUs": 1, "CPUs": 2}, "1641998322.680926": {"GPUs": 1, "CPUs": 2}, "1641998323.180896": {"GPUs": 1, "CPUs": 1}, "1641998323.680874": {"GPUs": 1, "CPUs": 1}, "1641998324.680865": {"GPUs": 1, "CPUs": 3}, "1641998325.180898": {"GPUs": 1, "CPUs": 4}, "1641998325.680894": {"GPUs": 1, "CPUs": 3}, "1641998326.180882": {"GPUs": 1, "CPUs": 3}, "1641998326.680889": {"GPUs": 1, "CPUs": 5}, "1641998327.180898": {"GPUs": 1, "CPUs": 4}, "1641998327.680937": {"GPUs": 1, "CPUs": 4}, "1641998328.180883": {"GPUs": 1, "CPUs": 3}, "1641998328.681108": {"GPUs": 1, "CPUs": 2}, "1641998330.180897": {"GPUs": 1, "CPUs": 1}, "1641998334.680847": {"GPUs": 1, "CPUs": 1}, "1641998337.68096": {"GPUs": 1, "CPUs": 1}, "1641998342.680889": {"GPUs": 1, "CPUs": 1}, "1641998343.180877": {"GPUs": 1, "CPUs": 2}, "1641998343.680879": {"GPUs": 1, "CPUs": 2}, "1641998344.180892": {"GPUs": 1, "CPUs": 2}, "1641998344.680765": {"GPUs": 1, "CPUs": 3}, "1641998345.18106": {"GPUs": 1, "CPUs": 2}, "1641998345.680938": {"GPUs": 1, "CPUs": 2}, "1641998346.180909": {"GPUs": 1, "CPUs": 1}, "1641998346.680861": {"GPUs": 1, "CPUs": 3}, "1641998347.180885": {"GPUs": 1, "CPUs": 1}, "1641998347.680918": {"GPUs": 1, "CPUs": 3}, "1641998348.180912": {"GPUs": 1, "CPUs": 1}, "1641998348.680907": {"GPUs": 1, "CPUs": 2}, "1641998349.180923": {"GPUs": 1, "CPUs": 3}, "1641998349.680891": {"GPUs": 1, "CPUs": 3}, "1641998350.181173": {"GPUs": 1, "CPUs": 3}, "1641998350.680827": {"GPUs": 1, "CPUs": 2}, "1641998351.180916": {"GPUs": 1, "CPUs": 3}, "1641998351.680896": {"GPUs": 1, "CPUs": 3}, "1641998352.180893": {"GPUs": 1, "CPUs": 2}, "1641998352.680914": {"GPUs": 1, "CPUs": 3}, "1641998358.180906": {"GPUs": 1, "CPUs": 1}, "1641998358.680871": {"GPUs": 1, "CPUs": 1}, "1641998360.680853": {"GPUs": 1, "CPUs": 1}, "1641998362.680882": {"GPUs": 1, "CPUs": 1}, "1641998363.180911": {"GPUs": 1, "CPUs": 4}, "1641998363.680874": {"GPUs": 1, "CPUs": 4}, "1641998364.180868": {"GPUs": 1, "CPUs": 3}, "1641998364.680851": {"GPUs": 1, "CPUs": 4}, "1641998365.180865": {"GPUs": 1, "CPUs": 3}, "1641998365.680881": {"GPUs": 1, "CPUs": 3}, "1641998366.180856": {"GPUs": 1, "CPUs": 3}, "1641998366.680905": {"GPUs": 1, "CPUs": 3}, "1641998367.180875": {"GPUs": 1, "CPUs": 3}, "1641998367.680914": {"GPUs": 1, "CPUs": 3}, "1641998368.180865": {"GPUs": 1, "CPUs": 3}, "1641998368.68088": {"GPUs": 1, "CPUs": 3}, "1641998369.180876": {"GPUs": 1, "CPUs": 2}, "1641998369.680947": {"GPUs": 1, "CPUs": 3}, "1641998370.180923": {"GPUs": 1, "CPUs": 2}, "1641998370.680889": {"GPUs": 1, "CPUs": 2}, "1641998371.680926": {"GPUs": 1, "CPUs": 3}, "1641998372.1809": {"GPUs": 1, "CPUs": 3}, "1641998372.680928": {"GPUs": 1, "CPUs": 3}, "1641998373.180873": {"GPUs": 1, "CPUs": 4}, "1641998373.680876": {"GPUs": 1, "CPUs": 4}, "1641998374.181025": {"GPUs": 1, "CPUs": 4}, "1641998374.680918": {"GPUs": 1, "CPUs": 4}, "1641998375.180874": {"GPUs": 1, "CPUs": 4}, "1641998375.68086": {"GPUs": 1, "CPUs": 4}, "1641998376.180905": {"GPUs": 1, "CPUs": 4}, "1641998376.680913": {"GPUs": 1, "CPUs": 4}, "1641998377.180907": {"GPUs": 1, "CPUs": 4}, "1641998377.68088": {"GPUs": 1, "CPUs": 4}, "1641998378.180876": {"GPUs": 1, "CPUs": 4}, "1641998378.680996": {"GPUs": 1, "CPUs": 4}, "1641998379.180895": {"GPUs": 1, "CPUs": 4}, "1641998379.680931": {"GPUs": 1, "CPUs": 4}, "1641998380.180896": {"GPUs": 1, "CPUs": 4}, "1641998380.680878": {"GPUs": 1, "CPUs": 4}, "1641998381.180967": {"GPUs": 1, "CPUs": 4}, "1641998381.680895": {"GPUs": 1, "CPUs": 4}, "1641998382.180894": {"GPUs": 1, "CPUs": 4}, "1641998382.680904": {"GPUs": 1, "CPUs": 2}, "1641998390.680876": {"GPUs": 1, "CPUs": 2}, "1641998391.180861": {"GPUs": 1, "CPUs": 2}, "1641998391.680871": {"GPUs": 1, "CPUs": 2}, "1641998392.1809": {"GPUs": 1, "CPUs": 3}, "1641998392.680881": {"GPUs": 1, "CPUs": 3}, "1641998393.180853": {"GPUs": 1, "CPUs": 3}, "1641998408.680876": {"GPUs": 1, "CPUs": 2}, "1641998409.180865": {"GPUs": 1, "CPUs": 2}, "1641998412.680887": {"GPUs": 1, "CPUs": 2}, "1641998413.180872": {"GPUs": 1, "CPUs": 2}, "1641998413.680876": {"GPUs": 1, "CPUs": 2}, "1641998414.180949": {"GPUs": 1, "CPUs": 2}, "1641998414.680862": {"GPUs": 1, "CPUs": 2}, "1641998415.180888": {"GPUs": 1, "CPUs": 2}, "1641998415.680857": {"GPUs": 1, "CPUs": 2}, "1641998416.180967": {"GPUs": 1, "CPUs": 2}, "1641998416.680918": {"GPUs": 1, "CPUs": 2}, "1641998417.180915": {"GPUs": 1, "CPUs": 2}, "1641998417.680886": {"GPUs": 1, "CPUs": 2}, "1641998418.180882": {"GPUs": 1, "CPUs": 2}, "1641998418.680878": {"GPUs": 1, "CPUs": 2}, "1641998429.680872": {"GPUs": 1, "CPUs": 2}, "1641998430.18088": {"GPUs": 1, "CPUs": 2}, "1641998430.680873": {"GPUs": 1, "CPUs": 2}, "1641998431.180886": {"GPUs": 1, "CPUs": 2}, "1641998431.680864": {"GPUs": 1, "CPUs": 2}, "1641998432.18091": {"GPUs": 1, "CPUs": 3}, "1641998432.680901": {"GPUs": 1, "CPUs": 3}, "1641998433.180887": {"GPUs": 1, "CPUs": 2}, "1641998433.680881": {"GPUs": 1, "CPUs": 2}, "1641998434.180855": {"GPUs": 1, "CPUs": 2}, "1641998434.680895": {"GPUs": 1, "CPUs": 2}, "1641998435.180876": {"GPUs": 1, "CPUs": 1}, "1641998435.680869": {"GPUs": 1, "CPUs": 1}, "1641998439.680899": {"GPUs": 1, "CPUs": 1}, "1641998440.180871": {"GPUs": 1, "CPUs": 1}, "1641998461.180881": {"GPUs": 1, "CPUs": 3}, "1641998461.680899": {"GPUs": 1, "CPUs": 2}, "1641998462.180856": {"GPUs": 1, "CPUs": 4}, "1641998462.680942": {"GPUs": 1, "CPUs": 4}, "1641998463.180914": {"GPUs": 1, "CPUs": 4}, "1641998463.680889": {"GPUs": 1, "CPUs": 4}, "1641998464.180892": {"GPUs": 1, "CPUs": 4}, "1641998464.680864": {"GPUs": 1, "CPUs": 3}, "1641998465.180906": {"GPUs": 1, "CPUs": 3}, "1641998465.680888": {"GPUs": 1, "CPUs": 4}, "1641998466.180878": {"GPUs": 1, "CPUs": 4}, "1641998466.680884": {"GPUs": 1, "CPUs": 4}, "1641998467.18088": {"GPUs": 1, "CPUs": 4}, "1641998467.680879": {"GPUs": 1, "CPUs": 4}, "1641998468.180894": {"GPUs": 1, "CPUs": 3}, "1641998468.68086": {"GPUs": 1,