{"RuleTriggered": 0, "Violations": 0, "Details": {"step_details": {"algo-1-26": {"step_stats": {"mean": 2.5407966422018347, "max": 17.429123, "p99": 8.777128179999945, "p95": 2.811094349999999, "p50": 2.3033135, "min": 2.157237}, "number_of_outliers": 3, "phase": "Step:ModeKeys.TRAIN", "stddev": 1.53, "probs": [1, 1, 42, 72, 27, 23, 7, 12, 9, 5, 3, 0, 1, 0, 2, 0, 1, 1, 2, 1, 1, 0, 0, 0, 0, 2, 0, 1, 0, 0, 0, 0, 0, 0, 0, 0, 0, 0, 0, 0, 0, 0, 0, 0, 0, 0, 0, 0, 0, 0, 0, 0, 0, 0, 0, 0, 0, 0, 0, 0, 0, 0, 0, 0, 0, 0, 0, 0, 0, 0, 0, 0, 0, 0, 0, 0, 0, 0, 0, 0, 0, 0, 0, 0, 0, 0, 0, 0, 0, 0, 0, 0, 0, 0, 0, 0, 0, 0, 0, 1], "binedges": [2.157237, 2.19462872, 2.23202044, 2.26941216, 2.30680388, 2.3441956, 2.38158732, 2.41897904, 2.45637076, 2.49376248, 2.5311542, 2.56854592, 2.60593764, 2.64332936, 2.6807210799999996, 2.7181128, 2.7555045199999997, 2.79289624, 2.8302879599999997, 2.86767968, 2.9050713999999997, 2.9424631199999998, 2.97985484, 3.01724656, 3.05463828, 3.09203, 3.12942172, 3.16681344, 3.20420516, 3.24159688, 3.2789886, 3.31638032, 3.35377204, 3.39116376, 3.42855548, 3.4659472, 3.50333892, 3.54073064, 3.57812236, 3.61551408, 3.6529058, 3.6902975199999997, 3.72768924, 3.7650809599999997, 3.80247268, 3.8398643999999997, 3.87725612, 3.9146478399999998, 3.9520395600000002, 3.98943128, 4.026823, 4.06421472, 4.10160644, 4.13899816, 4.17638988, 4.2137816, 4.2511733199999995, 4.28856504, 4.32595676, 4.36334848, 4.4007401999999995, 4.43813192, 4.4755236400000005, 4.51291536, 4.55030708, 4.5876988, 4.6250905200000005, 4.66248224, 4.69987396, 4.73726568, 4.774657400000001, 4.81204912, 4.84944084, 4.88683256, 4.924224280000001, 4.961616, 4.99900772, 5.03639944, 5.073791160000001, 5.11118288, 5.1485746, 5.18596632, 5.22335804, 5.2607497599999995, 5.29814148, 5.3355332, 5.37292492, 5.41031664, 5.44770836, 5.4851000800000005, 5.5224918, 5.55988352, 5.59727524, 5.634666960000001, 5.67205868, 5.7094504, 5.74684212, 5.784233840000001, 5.82162556, 5.85901728, 5.896409], "step_numbers": ["1", "1", "2"]}}}, "Datapoints": 256, "RuleParameters": "threshold:3\nmode:None\nn_outliers:10\nstddev:3"}